{
    "experiment_id": "run5",
    "timestamp": "2024-12-03 21:20:59",
    "model_parameters": {
        "embedding_model": "PlanTL-GOB-ES/roberta-base-bne",
        "classifier": "SVM"
    },
    "preprocessing_parameters": {
        "stemmer": "SnowballStemmer-spanish",
        "remove_stopwords": true,
        "max_length": 512
    },
    "performance_metrics": {
        "cross_validation_scores": {
            "mean": 0.6089855072463768,
            "std": 0.022534251276031092,
            "scores": [
                0.6173913043478261,
                0.5768115942028985,
                0.6275362318840579,
                0.5884057971014492,
                0.6347826086956522
            ]
        },
        "classification_metrics": {
            "0": {
                "precision": 0.68,
                "recall": 0.54,
                "f1-score": 0.6,
                "support": 116
            },
            "1": {
                "precision": 0.58,
                "recall": 0.79,
                "f1-score": 0.67,
                "support": 96
            },
            "2": {
                "precision": 0.49,
                "recall": 0.63,
                "f1-score": 0.55,
                "support": 128
            },
            "3": {
                "precision": 0.81,
                "recall": 0.5,
                "f1-score": 0.62,
                "support": 115
            },
            "4": {
                "precision": 0.81,
                "recall": 0.66,
                "f1-score": 0.73,
                "support": 119
            },
            "5": {
                "precision": 0.56,
                "recall": 0.64,
                "f1-score": 0.6,
                "support": 116
            }
        },
        "confusion_matrix": [
            [
                63,
                7,
                22,
                3,
                5,
                16
            ],
            [
                2,
                76,
                4,
                5,
                3,
                6
            ],
            [
                13,
                15,
                81,
                3,
                3,
                13
            ],
            [
                5,
                8,
                27,
                58,
                2,
                15
            ],
            [
                4,
                19,
                7,
                2,
                79,
                8
            ],
            [
                6,
                5,
                25,
                1,
                5,
                74
            ]
        ]
    },
    "execution_metrics": {
        "total_execution_time": 865.5031189918518
    }
}