{
    "experiment_id": "run7",
    "timestamp": "2024-12-03 22:12:39",
    "model_parameters": {
        "embedding_model": "PlanTL-GOB-ES/roberta-base-bne",
        "classifier": "SVM",
        "kernel": "poly",
        "C": 1.0,
        "Gamma": "scale"
    },
    "preprocessing_parameters": {
        "stemmer": "SnowballStemmer-spanish",
        "remove_stopwords": true,
        "max_length": 512
    },
    "performance_metrics": {
        "cross_validation_scores": {
            "mean": 0.6171014492753624,
            "std": 0.01914799369845072,
            "scores": [
                0.6289855072463768,
                0.5884057971014492,
                0.6202898550724638,
                0.6043478260869565,
                0.6434782608695652
            ]
        },
        "classification_metrics": {
            "0": {
                "precision": 0.75,
                "recall": 0.57,
                "f1-score": 0.65,
                "support": 116
            },
            "1": {
                "precision": 0.6,
                "recall": 0.8,
                "f1-score": 0.68,
                "support": 96
            },
            "2": {
                "precision": 0.53,
                "recall": 0.66,
                "f1-score": 0.59,
                "support": 128
            },
            "3": {
                "precision": 0.77,
                "recall": 0.5,
                "f1-score": 0.61,
                "support": 115
            },
            "4": {
                "precision": 0.8,
                "recall": 0.67,
                "f1-score": 0.73,
                "support": 119
            },
            "5": {
                "precision": 0.57,
                "recall": 0.68,
                "f1-score": 0.62,
                "support": 116
            }
        },
        "confusion_matrix": [
            [
                66,
                8,
                16,
                4,
                6,
                16
            ],
            [
                1,
                77,
                3,
                4,
                4,
                7
            ],
            [
                8,
                14,
                85,
                5,
                3,
                13
            ],
            [
                3,
                9,
                28,
                58,
                2,
                15
            ],
            [
                4,
                18,
                5,
                3,
                80,
                9
            ],
            [
                6,
                3,
                22,
                1,
                5,
                79
            ]
        ]
    },
    "execution_metrics": {
        "total_execution_time": 899.184074640274
    }
}